{
  "accuracy": 0.8846153846153846,
  "precision": 0.90625,
  "recall": 0.8846153846153846,
  "f1_score": 0.8830584707646177,
  "false_positive_rate": 0.0,
  "false_negative_rate": 0.23076923076923078,
  "legitimate_accuracy": 1.0,
  "phishing_accuracy": 0.7692307692307693,
  "total_urls": 26,
  "legitimate_urls": 13,
  "phishing_urls": 13,
  "timestamp": "20250326_182236"
}