{
  "raw_ml": {
    "accuracy": 0.9180327868852459,
    "precision": 0.9875,
    "recall": 0.8494623655913979,
    "f1_score": 0.9132947976878613,
    "false_positive_rate": 0.011111111111111112,
    "false_negative_rate": 0.15053763440860216,
    "roc_auc": 0.9886499402628435,
    "confusion_matrix": [
      [
        89,
        1
      ],
      [
        14,
        79
      ]
    ],
    "legitimate_count": 90,
    "phishing_count": 93,
    "false_positive_count": 1,
    "false_negative_count": 14,
    "approach": "Raw ML Model"
  },
  "combined": {
    "accuracy": 0.8415300546448088,
    "precision": 1.0,
    "recall": 0.6881720430107527,
    "f1_score": 0.8152866242038217,
    "false_positive_rate": 0.0,
    "false_negative_rate": 0.3118279569892473,
    "confusion_matrix": [
      [
        90,
        0
      ],
      [
        29,
        64
      ]
    ],
    "legitimate_count": 90,
    "phishing_count": 93,
    "false_positive_count": 0,
    "false_negative_count": 29,
    "approach": "Combined Approach"
  },
  "timestamp": "20250505_003449",
  "dataset_size": 183,
  "legitimate_urls": 90,
  "phishing_urls": 93
}